0,Bennett Zellwood,11-12 Boys 50-back,38.970,1.091
0,Flynn Ashworth,11-12 Boys 50-back,39.380,1.103
0,Emmett Ravenscroft,11-12 Boys 50-back,39.451,0.789
1,Xavier Vandermeer,11-12 Boys 50-back,37.180,1.041
1,Cassius Yarrow,11-12 Boys 50-back,37.762,0.755
1,Oberon Fairbanks,11-12 Boys 50-back,39.710,0.794
0,Soren Foxwell,11-12 Boys 50-breast,38.430,1.076
0,Flynn Ashworth,11-12 Boys 50-breast,45.134,2.111
0,Xavier Quill,11-12 Boys 50-breast,45.739,1.122
1,Dashiell Loxley,11-12 Boys 50-breast,36.221,0.724
1,Oberon Coppersmith,11-12 Boys 50-breast,41.555,1.368
1,Oberon Foxwell,11-12 Boys 50-breast,46.709,1.614
0,Jasper Foxwell,11-12 Boys 50-fly,30.280,0.848
0,Bennett Zellwood,11-12 Boys 50-fly,37.820,1.059
0,Emmett Hartwell,11-12 Boys 50-fly,40.300,1.128
1,Xavier Vandermeer,11-12 Boys 50-fly,34.870,0.976
1,Oberon Coppersmith,11-12 Boys 50-fly,35.621,0.712
1,Alaric Fairbanks,11-12 Boys 50-fly,36.561,0.731
0,Jasper Foxwell,11-12 Boys 50-free,27.610,0.773
0,Soren Foxwell,11-12 Boys 50-free,28.950,0.811
0,Emmett Ravenscroft,11-12 Boys 50-free,31.676,0.689
1,Dashiell Loxley,11-12 Boys 50-free,27.046,0.748
1,Xavier Vandermeer,11-12 Boys 50-free,30.591,0.612
1,Cassius Yarrow,11-12 Boys 50-free,31.780,0.890
0,Una Glenholme,11-12 Girls 50-back,37.930,1.062
0,Halcyon Pemberton,11-12 Girls 50-back,38.300,1.072
0,Saskia Thorneycroft,11-12 Girls 50-back,39.931,0.799
1,Briar Pemberton,11-12 Girls 50-back,34.670,0.971
1,Clemence Umberly,11-12 Girls 50-back,37.757,0.755
1,Greta Jessup,11-12 Girls 50-back,38.470,1.077
0,Briar Ashworth,11-12 Girls 50-breast,43.741,0.875
0,Saskia Thorneycroft,11-12 Girls 50-breast,44.040,1.233
0,Xanthe Yarrow,11-12 Girls 50-breast,44.782,0.896
1,Briar Pemberton,11-12 Girls 50-breast,38.430,0.769
1,Greta Jessup,11-12 Girls 50-breast,42.154,0.843
1,Clemence Umberly,11-12 Girls 50-breast,43.735,0.875
0,Halcyon Pemberton,11-12 Girls 50-fly,36.822,0.736
0,Briar Ashworth,11-12 Girls 50-fly,38.630,0.773
0,Elowen Hartwell,11-12 Girls 50-fly,38.650,1.082
1,Petra Coppersmith,11-12 Girls 50-fly,35.974,0.832
1,Greta Jessup,11-12 Girls 50-fly,36.910,1.033
1,Verity Quill,11-12 Girls 50-fly,40.379,0.808
0,Una Glenholme,11-12 Girls 50-free,32.200,0.902
0,Saskia Thorneycroft,11-12 Girls 50-free,32.980,0.923
0,Xanthe Yarrow,11-12 Girls 50-free,33.480,0.937
1,Briar Pemberton,11-12 Girls 50-free,31.560,0.884
1,Petra Coppersmith,11-12 Girls 50-free,32.931,0.659
1,Nell Hartwell,11-12 Girls 50-free,33.720,0.944
0,Rowan Foxwell,13-14 Boys 50-back,28.838,0.738
0,Xavier Mabbott,13-14 Boys 50-back,31.700,0.761
0,Aiden Ambrose,13-14 Boys 50-back,34.082,0.682
1,Wilder Fairbanks,13-14 Boys 50-back,34.590,0.830
1,Merritt Yarrow,13-14 Boys 50-back,37.676,1.009
1,Lachlan Bellweather,13-14 Boys 50-back,38.620,0.927
0,Rowan Foxwell,13-14 Boys 50-breast,31.870,0.765
0,Cassius Kingsley,13-14 Boys 50-breast,33.450,0.803
0,Percy Dovetail,13-14 Boys 50-breast,37.030,0.889
1,Wilder Fairbanks,13-14 Boys 50-breast,40.250,0.966
1,Zebediah Ravenscroft,13-14 Boys 50-breast,41.200,0.989
1,Lachlan Bellweather,13-14 Boys 50-breast,42.160,1.012
0,Cassius Kingsley,13-14 Boys 50-fly,29.780,0.715
0,Aiden Ambrose,13-14 Boys 50-fly,32.040,0.769
0,Jasper Dovetail,13-14 Boys 50-fly,35.061,0.701
1,Wilder Fairbanks,13-14 Boys 50-fly,33.270,0.798
1,Zebediah Ravenscroft,13-14 Boys 50-fly,36.380,0.873
1,Flynn Mabbott,13-14 Boys 50-fly,37.220,0.837
0,Rowan Foxwell,13-14 Boys 50-free,24.640,0.591
0,Cassius Kingsley,13-14 Boys 50-free,25.482,0.510
0,Xavier Mabbott,13-14 Boys 50-free,27.460,0.659
1,Wilder Fairbanks,13-14 Boys 50-free,29.680,0.712
1,Zebediah Ravenscroft,13-14 Boys 50-free,30.785,0.723
1,Merritt Yarrow,13-14 Boys 50-free,31.040,0.745
0,Yara Dovetail,13-14 Girls 50-back,32.640,0.653
0,Delphine Dunmore,13-14 Girls 50-back,33.910,0.678
0,Elowen Umberly,13-14 Girls 50-back,34.335,0.687
1,Nell Dunmore,13-14 Girls 50-back,30.020,0.600
1,Ophelia Birchall,13-14 Girls 50-back,31.870,0.637
1,Clemence Coppersmith,13-14 Girls 50-back,32.430,0.649
0,Elowen Umberly,13-14 Girls 50-breast,39.230,0.785
0,Quinby Dovetail,13-14 Girls 50-breast,39.750,0.795
0,Halcyon Silverton,13-14 Girls 50-breast,40.300,0.806
1,Nell Dunmore,13-14 Girls 50-breast,32.070,0.641
1,Greta Gildersleeve,13-14 Girls 50-breast,32.986,0.660
1,Ophelia Birchall,13-14 Girls 50-breast,34.461,0.689
0,Delphine Dunmore,13-14 Girls 50-fly,30.730,0.615
0,Zinnia Umberly,13-14 Girls 50-fly,33.890,0.678
0,Quinby Dovetail,13-14 Girls 50-fly,34.140,0.683
1,Delphine Jessup,13-14 Girls 50-fly,32.170,0.643
1,Briar Oakhurst,13-14 Girls 50-fly,34.580,0.692
1,Xanthe Jessup,13-14 Girls 50-fly,37.110,0.742
0,Yara Dovetail,13-14 Girls 50-free,26.140,0.523
0,Delphine Dunmore,13-14 Girls 50-free,27.936,0.559
0,Elowen Umberly,13-14 Girls 50-free,28.370,0.567
1,Greta Gildersleeve,13-14 Girls 50-free,25.232,0.576
1,Nell Dunmore,13-14 Girls 50-free,25.320,0.506
1,Ophelia Birchall,13-14 Girls 50-free,26.680,0.534
0,Ignatius Pemberton,15-18 Boys 50-back,28.270,0.565
0,Cassius Ashworth,15-18 Boys 50-back,30.220,0.604
0,Wilder Dunmore,15-18 Boys 50-back,31.720,0.634
1,Holden Birchall,15-18 Boys 50-back,29.310,0.586
1,Ulysses Pemberton,15-18 Boys 50-back,30.520,0.610
1,Grady Yarrow,15-18 Boys 50-back,31.310,0.626
0,Grady Hollowell,15-18 Boys 50-breast,32.470,0.649
0,Cassius Ashworth,15-18 Boys 50-breast,33.360,0.667
0,Bram Wexford,15-18 Boys 50-breast,34.190,0.684
1,Holden Birchall,15-18 Boys 50-breast,32.740,0.655
1,Ignatius Quill,15-18 Boys 50-breast,33.760,0.675
1,Ulysses Pemberton,15-18 Boys 50-breast,34.039,0.681
0,Ignatius Pemberton,15-18 Boys 50-fly,25.670,0.513
0,Bennett Silverton,15-18 Boys 50-fly,27.720,0.554
0,Merritt Gildersleeve,15-18 Boys 50-fly,29.860,0.597
1,Ignatius Quill,15-18 Boys 50-fly,27.769,0.555
1,Xavier Ashworth,15-18 Boys 50-fly,29.790,0.596
1,Percy Kingsley,15-18 Boys 50-fly,29.870,0.597
0,Ignatius Pemberton,15-18 Boys 50-free,23.200,0.464
0,Grady Hollowell,15-18 Boys 50-free,25.366,0.507
0,Cassius Ashworth,15-18 Boys 50-free,25.447,0.509
1,Ignatius Quill,15-18 Boys 50-free,23.960,0.479
1,Holden Birchall,15-18 Boys 50-free,24.105,0.482
1,Soren Bellweather,15-18 Boys 50-free,27.030,0.541
0,Verity Wexford,15-18 Girls 50-back,28.890,0.578
0,Saskia Pemberton,15-18 Girls 50-back,29.734,0.595
0,Averil Ironwood,15-18 Girls 50-back,30.400,0.608
1,Fern Pemberton,15-18 Girls 50-back,29.330,0.587
1,Tamsin Fairbanks,15-18 Girls 50-back,30.070,0.601
1,Delphine Yarrow,15-18 Girls 50-back,30.450,0.609
0,Verity Wexford,15-18 Girls 50-breast,32.990,0.660
0,Saskia Kingsley,15-18 Girls 50-breast,34.130,0.683
0,Saskia Pemberton,15-18 Girls 50-breast,34.600,0.692
1,Juniper Yarrow,15-18 Girls 50-breast,28.440,0.569
1,Petra Ravenscroft,15-18 Girls 50-breast,33.680,0.674
1,Damaris Kingsley,15-18 Girls 50-breast,36.110,0.722
0,Verity Wexford,15-18 Girls 50-fly,26.466,0.529
0,Tamsin Ellery,15-18 Girls 50-fly,26.700,0.534
0,Averil Ironwood,15-18 Girls 50-fly,28.050,0.561
1,Juniper Yarrow,15-18 Girls 50-fly,23.390,0.468
1,Delphine Yarrow,15-18 Girls 50-fly,27.170,0.543
1,Elowen Netherfield,15-18 Girls 50-fly,27.250,0.545
0,Tamsin Ellery,15-18 Girls 50-free,24.800,0.496
0,Saskia Kingsley,15-18 Girls 50-free,25.220,0.504
0,Saskia Pemberton,15-18 Girls 50-free,25.410,0.508
1,Juniper Yarrow,15-18 Girls 50-free,23.190,0.464
1,Elowen Netherfield,15-18 Girls 50-free,25.440,0.509
1,Fern Pemberton,15-18 Girls 50-free,25.600,0.512
0,Percy Everhart,8U Boys 25-back,26.350,1.792
0,Bram Mabbott,8U Boys 25-back,29.150,1.982
0,Bennett Thorneycroft,8U Boys 25-back,29.390,1.999
1,Aiden Ashworth,8U Boys 25-back,23.213,0.464
1,Merritt Thorneycroft,8U Boys 25-back,24.320,0.586
1,York Thorneycroft,8U Boys 25-back,27.460,1.867
0,Merritt Everhart,8U Boys 25-breast,26.310,1.789
0,Xavier Yarrow,8U Boys 25-breast,29.205,1.058
0,Percy Everhart,8U Boys 25-breast,30.010,2.041
1,Aiden Ashworth,8U Boys 25-breast,27.800,1.890
1,Corwin Bellweather,8U Boys 25-breast,28.730,0.575
1,York Thorneycroft,8U Boys 25-breast,30.329,0.607
0,Merritt Everhart,8U Boys 25-fly,23.616,0.472
0,Bram Mabbott,8U Boys 25-fly,26.329,0.527
0,Lachlan Ironwood,8U Boys 25-fly,28.391,0.778
1,Merritt Thorneycroft,8U Boys 25-fly,23.457,0.797
1,Aiden Vandermeer,8U Boys 25-fly,25.010,1.701
1,Bennett Hartwell,8U Boys 25-fly,30.665,0.974
0,Merritt Everhart,8U Boys 25-free,18.460,1.255
0,Xavier Yarrow,8U Boys 25-free,22.390,1.523
0,Kellan Crowhurst,8U Boys 25-free,22.842,0.659
1,Aiden Ashworth,8U Boys 25-free,19.510,1.327
1,Corwin Bellweather,8U Boys 25-free,20.774,0.415
1,Aiden Vandermeer,8U Boys 25-free,21.590,1.468
0,Xanthe Loxley,8U Girls 25-back,25.180,1.612
0,Winnow Mabbott,8U Girls 25-back,35.526,1.486
1,Delphine Fairbanks,8U Girls 25-back,27.053,0.714
1,Kestrel Ellery,8U Girls 25-back,27.750,0.555
1,Delphine Foxwell,8U Girls 25-back,30.148,1.078
0,Delphine Bellweather,8U Girls 25-breast,23.452,0.492
0,Marisol Coppersmith,8U Girls 25-breast,30.966,0.619
0,Amara Wexford,8U Girls 25-breast,33.800,2.163
1,Juniper Foxwell,8U Girls 25-breast,28.466,1.403
1,Zinnia Netherfield,8U Girls 25-breast,31.050,1.987
1,Kestrel Ellery,8U Girls 25-breast,32.690,2.092
0,Delphine Bellweather,8U Girls 25-fly,20.297,0.714
0,Xanthe Loxley,8U Girls 25-fly,22.470,1.438
0,Verity Mabbott,8U Girls 25-fly,27.332,0.547
1,Zinnia Netherfield,8U Girls 25-fly,25.458,0.851
1,Delphine Fairbanks,8U Girls 25-fly,26.372,1.353
1,Yara Bellweather,8U Girls 25-fly,27.790,1.779
0,Verity Mabbott,8U Girls 25-free,22.891,0.536
0,Marisol Coppersmith,8U Girls 25-free,23.544,0.471
0,Elowen Ashworth,8U Girls 25-free,26.100,1.670
1,Juniper Foxwell,8U Girls 25-free,22.126,1.024
1,Kestrel Ellery,8U Girls 25-free,22.410,1.434
1,Zinnia Netherfield,8U Girls 25-free,23.300,1.491
0,Merritt Crowhurst,9-10 Boys 50-back,44.180,1.767
0,Bennett Fairbanks,9-10 Boys 50-back,46.200,1.848
0,Bram Thorneycroft,9-10 Boys 50-back,49.320,1.973
1,Xavier Umberly,9-10 Boys 50-back,42.530,1.701
1,Vaughn Bellweather,9-10 Boys 50-back,46.970,1.879
1,Nico Ravenscroft,9-10 Boys 50-back,47.611,0.952
0,Alaric Bellweather,9-10 Boys 50-breast,41.574,0.831
0,Merritt Crowhurst,9-10 Boys 50-breast,47.920,1.917
0,Bennett Fairbanks,9-10 Boys 50-breast,52.150,2.086
1,Vaughn Bellweather,9-10 Boys 50-breast,49.690,1.988
1,Dorian Dovetail,9-10 Boys 50-breast,53.750,2.150
1,Emmett Thorneycroft,9-10 Boys 50-breast,61.890,2.476
0,Bennett Fairbanks,9-10 Boys 50-fly,46.440,1.858
1,Dorian Dovetail,9-10 Boys 50-fly,46.445,0.929
1,Nico Ravenscroft,9-10 Boys 50-fly,48.354,0.967
1,Bram Ironwood,9-10 Boys 50-fly,52.477,2.136
0,Alaric Bellweather,9-10 Boys 50-free,32.064,0.641
0,Merritt Crowhurst,9-10 Boys 50-free,36.110,1.255
0,Bram Thorneycroft,9-10 Boys 50-free,42.540,1.702
1,Xavier Umberly,9-10 Boys 50-free,33.440,1.338
1,Vaughn Bellweather,9-10 Boys 50-free,39.794,1.250
1,Dorian Dovetail,9-10 Boys 50-free,40.320,1.613
0,Briar Glenholme,9-10 Girls 50-back,37.979,1.221
0,Halcyon Thorneycroft,9-10 Girls 50-back,40.910,1.473
0,Greta Everhart,9-10 Girls 50-back,41.790,1.504
1,Blythe Glenholme,9-10 Girls 50-back,45.000,1.620
1,Delphine Hollowell,9-10 Girls 50-back,48.520,1.747
1,Blythe Hollowell,9-10 Girls 50-back,50.367,1.007
0,Briar Glenholme,9-10 Girls 50-breast,42.750,1.539
0,Romilly Jessup,9-10 Girls 50-breast,51.060,1.838
0,Yara Silverton,9-10 Girls 50-breast,59.533,1.191
1,Juniper Ellery,9-10 Girls 50-breast,48.530,1.747
1,Blythe Hollowell,9-10 Girls 50-breast,54.220,1.952
1,Xanthe Bellweather,9-10 Girls 50-breast,56.077,1.122
0,Halcyon Thorneycroft,9-10 Girls 50-fly,35.960,1.295
0,Marisol Zellwood,9-10 Girls 50-fly,48.014,1.668
0,Greta Coppersmith,9-10 Girls 50-fly,48.510,1.746
1,Juniper Ellery,9-10 Girls 50-fly,44.570,1.605
1,Blythe Glenholme,9-10 Girls 50-fly,46.436,0.929
1,Marisol Everhart,9-10 Girls 50-fly,47.530,1.711
0,Briar Glenholme,9-10 Girls 50-free,31.020,1.117
0,Halcyon Thorneycroft,9-10 Girls 50-free,33.863,0.677
0,Greta Everhart,9-10 Girls 50-free,34.610,1.246
1,Blythe Glenholme,9-10 Girls 50-free,37.230,1.340
1,Juniper Ellery,9-10 Girls 50-free,37.554,0.751
1,Delphine Hollowell,9-10 Girls 50-free,37.870,1.363
